_id,_createdTime,Transfer Provider,Contact Person,Phone,E-mail,Transfer Normal Price,Notes,Participants,Participants 2,Travel Details,Participant,Participants 2 copy
rec3Cn4uJSLAe2Pj1,2025-06-30T10:47:18.000Z,ACUDEMY,Amy Wilson,079029,amy.wilson@acudemy.com,150,,,"recWZ48AyEP2cRjIT, recKTSTn6ZlP8mRKh, recc3tete4II0Y2t4, rec0uARdcOBhvh39J, recHBC2p8MNelFq90, recpAwrfCNtzt3xzx, recLkP6jXrDrD5ur7, recMyczxusJj9KJ3d, rec3zJ8iqpMGFAg6H, recBSzJG4clkRndiS, recvE9cHxPoq8lZsP, recd8zWHTSN1dmmXN, recfWYaO6MpszlVmO, recQgoriqFhNE7yPd, recp12nNSQewrQGVj, recvcHtNg0tHEDHHj, rec0WLCrpC8iwrbHX, recLF19BSXdZb7vui, reclwNVXeaieD8ISl, recrrBfUYD8sMaYid, recFYiBUZQHHrE27O, recrlLwOuvaz9cCIY, reco21Zm9fhFHzEPT, recNDtA9pd1q9D4LF, rec63d0Cp9HMzJfl8, recK7YABupsEcVPLE, recvnEMRvj1oB7xaV, recaXlIO5IX8WmnYT",,"Aaron Hopkins, Brett Sanders, Mohammed Holt, Declan Connor, Talia Bishop, Julia Powell, Emma Gray, Carly Howe, Malcolm Kirby, Adrian Eriksson, Naemi Adiam Neth, Najah DRISSOL, Peter Andersson, Raffaele Damiane Ranucci, Victer Waeber, Kaïs Leichtnam, Kristina Tengelin, Lana Levrat, Léa Marien, Luca Verdi, Luciano Marino, Greta  Garbo, ""Cara
 O'Ryan"", Lara	 MacDonagh, ""Rebecca	
 Gloster"", ""Conor Sherry
"", ""Joel	
 Minogue"", ""Caitriona	
 Filbin""","Luciano Marino, Luca Verdi, Kristina Tengelin, Aaron Hopkins, Brett Sanders, Mohammed Holt, Declan Connor, Talia Bishop, Julia Powell, Emma Gray, Carly Howe, Malcolm Kirby, Peter Andersson, Adrian Eriksson, Najah DRISSOL, Kaïs Leichtnam, Lana Levrat, Léa Marien, Naemi Adiam Neth, Raffaele Damiane Ranucci, Victer Waeber, Greta  Garbo, ""Cara  O'Ryan"", ""Conor Sherry "", Lara  MacDonagh, ""Rebecca  Gloster"", ""Joel  Minogue"", ""Caitriona  Filbin"""
rec5gtiUGrGHUlyD8,2023-10-20T08:04:12.000Z,Proivder A,Mario Rossi,00345567999,rossi@rossi.it,900,9 seats,,"recanqm3S4rafpIZ5, rec8F6jgstr5NGPLo, recsUOlnSzLVvrjRT, rec57Z9B0TnRMumnl, rechbh4pvtIucRUEi, recFwl80kld6nODNB, recsclfgsiISaImuk, recjhqrvDN77OTlRt, recuKWBYTKKRrC8Tl, recxjsb9ku9G8qTta",,"Claudio Miglionico, Alicia preux, Andi purgammah, André BRACK, Antheny Frein, Antonio Rossi, Derian Girep, Yaël  Wenger, Markus Oskarsson, Mathilde Meser","Claudio Miglionico, Antonio Rossi, André BRACK, Markus Oskarsson, Alicia preux, Andi purgammah, Antheny Frein, Derian Girep, Mathilde Meser, Yaël  Wenger"
rec9LOODkUT0CapUb,2023-10-20T08:04:12.000Z,Proivder B,Giulio Verne,03598856478,verne@tio.com,800,9 seats,,"recXYYIyZO7qIkbtK, recVEzPl6faYR3ZVb, recVn0PmvmRDZtHed, recA8Wj6uO2rgwAqi",,"Rocco Pace, Anastasia prez, Sara Johansson, Sarah Sium","Rocco Pace, Sara Johansson, Sarah Sium, Anastasia prez"
recEodmxkUlrnU1dh,2025-08-21T13:05:57.000Z,Mobility Transfer,Claudette Bella,00356 99405245,claudette.bella@gamil.com,18,,,"recOWIkQQK7NBqEvp, rec9WEsB5Mn0e0pOc, recEwOVTyBTW74whw, recBWMtTKtzUU8fRG, recAu6gx2J6k6j0Qj, recQ8aHkVsTsu0iJT, recZHSOT0P4Vny62S, recb4sAGa9k455J8j, recCR1LOe0GKYPDaq, recp1YQtgOvHXzzwG, recWtC3nwBpIsMBDf, recxkOTDHXfItJBIL, recdzBXJKJkFC4GG2, recaZUg0ga5V9HkHy, rec6ExoeN7ShfOjCi, rec4COgio67p3XSDO, recglLroeBlj8R1kG, reckuaV6ewwIH57AV, recjVhngExxMRtH1l, recfMkghS5WBbSPHX, reczMvjPBbXJpShKw, recm7AyvWAUDXExGf",,"Maxence LEMARRE, Jeanne TIMTOUZOU, Jonathan CROUSPE, Aline CHAMBOLLE , Clarence CARYOR, Antonio TORTORA, Guillaume RAMONA, Sarah TOURBIERE, Hervé FUGO, Clémence Genin, Derian Gierpane, DUPONT Marie, Simon Håkansson, Stina Svensson, Suah Nilsson, Mia Andersson, Mirjam Lövgren, Hampus Karlsson, Inès Guignarp, Jane Smith, Jeane Lepenne, Jenas Krasniqi","Suah Nilsson, DUPONT Marie, Jane Smith, Stina Svensson, Mia Andersson, Hampus Karlsson, Mirjam Lövgren, Simon Håkansson, Maxence LEMARRE, Jeanne TIMTOUZOU, Jonathan CROUSPE, Aline CHAMBOLLE , Clarence CARYOR, Antonio TORTORA, Guillaume RAMONA, Sarah TOURBIERE, Hervé FUGO, Clémence Genin, Derian Gierpane, Inès Guignarp, Jeane Lepenne, Jenas Krasniqi"
recVvxipljUy8EePT,2023-10-20T08:04:12.000Z,Proivder C,Frank Ross,00345678998,ross@ross.com,750,,,rec3m37tFVAiYsk6g,,Camilla Öberg,Camilla Öberg
